Dirección,Blog- review,Clics,Código de respuesta,Título 1,Indexabilidad,Estado de indexabilidad,Impresiones,Porcentaje de clics,Posición
https://encriptados.io/fr/blogs/nouvelles/8-telephones-portables-cryptes-que-personne-ne-pourra-jamais-espionner/,,310,200,8 téléphones portables cryptés que personne ne pourra jamais espionner - Encriptados.io,Indexable,,2348,"13,20%","4,44"
https://encriptados.io/blogs/noticias/top-5-aplicaciones-para-chatear-en-secreto/,,211,200,Top 5 aplicaciones para chatear en secreto - Encriptados.io,Indexable,,14397,"1,47%","4,4"
https://encriptados.io/blogs/noticias/celulares-encriptados-seguridad-digital-8-celulares-cifrados/,,141,200,8 celulares encriptados que nadie podrá espiar nunca - Encriptados.io,Indexable,,3823,"3,69%","4,14"
https://encriptados.io/blogs/noticias/que-puedo-o-no-hacer-cuando-tengo-un-celular-encriptado/,,51,200,Qué puedo o no hacer cuando tengo un celular encriptado - Encriptados.io,Indexable,,6125,"0,83%","6,31"
https://encriptados.io/blogs/noticias/rompiendo-barreras-la-verdad-de-las-tarjetas-sim-anonimas-y-su-efectividad-en-el-mundo-digital/,,29,200,[spintax]{Rompiendo Barreras: La Verdad sobre las SIM Anónimas|Desmitificando Mitos: La Realidad de las SIM Anónimas|Rompiendo Mitos: La Verdad Detrás de las SIM Anónimas}[/spintax] - Encriptados.io,Indexable,,1079,"2,69%","7,4"
https://encriptados.io/blogs/noticias/silent-phone-la-aplicacion-cifrada-que-protegera-todos-tus-chats/,,21,200,"Silent Phone, la aplicación cifrada que protegerá todos tus chats",Indexable,,1398,"1,50%","5,01"
https://encriptados.io/fr/blogs/nouvelles/60185/,,19,200,Téléphones cryptés : qu’est-ce que c’est et pourquoi de plus en plus d’entreprises les utilisent - Encriptados.io,Indexable,,576,"3,30%","4,59"
https://encriptados.io/blogs/noticias/4-buscadores-web-mas-seguros-que-google/,,18,200,4 buscadores Web más seguros y privados que Google,Indexable,,975,"1,85%","11,73"
https://encriptados.io/it/blogs/notizia/telefoni-criptati-cosa-sono-e-perche-sempre-piu-aziende-li-utilizzano/,,16,200,Telefoni criptati: cosa sono e perché sempre più aziende li utilizzano - Encriptados.io,Indexable,,1886,"0,85%","5,63"
https://encriptados.io/blogs/noticias/telefonos-encriptados-que-son-y-por-que-cada-vez-mas-empresas-los-usan/,,13,200,Teléfonos encriptados: qué son y por qué las empresas los usan cada vez más,Indexable,,2868,"0,45%","4,56"
https://encriptados.io/blogs/noticias/celular-encriptado-por-que-tener-uno/,,13,200,Celular Encriptado ¿Por qué tener uno? - Encriptados.io,Indexable,,1877,"0,69%","9,67"
https://encriptados.io/fr/blogs/nouvelles/cellulaire-crypte-pourquoi-en-avoir-un/,,9,200,Téléphone portable crypté Pourquoi en avoir un ? - Encriptados.io,Indexable,,282,"3,19%","10,23"
https://encriptados.io/en/blogs/news/8-encrypted-cell-phones-that-no-one-can-ever-spy-on/,,7,200,8 encrypted cell phones that no one can ever spy on - Encriptados.io,Indexable,,571,"1,23%","19,91"
https://encriptados.io/blogs/noticias/asi-ha-evolucionado-la-tarjeta-sim-a-traves-de-los-anos/,,6,200,Así ha evolucionado la Tarjeta SIM a través de los años,Indexable,,10186,"0,06%","4,63"
https://encriptados.io/pt/blogs/noticias-pt/telefones-criptografados-o-que-sao-e-por-que-cada-vez-mais-empresas-os-utilizam-2/,,5,200,Teléfonos encriptados: qué son y por qué las empresas los usan cada vez más,Indexable,,503,"0,99%","3,82"
https://encriptados.io/it/blogs/notizia/scopri-la-nuova-app-encriptados-per-gestire-piu-sim/,,5,200,Scopri la nuova app Encriptados per gestire più SIM.,Indexable,,122,"4,10%","4,24"
https://encriptados.io/blogs/noticias/china-el-estado-que-todo-lo-ve-la-red-de-videovigilancia-mas-grande-del-mundo-que-compromete-la-privacidad/,,4,200,"China, el Estado que todo lo ve: La Red de Videovigilancia Más Grande del Mundo que compromete la privacidad",Indexable,,627,"0,64%","9,78"
https://encriptados.io/fr/blogs/nouvelles/quatre-moteurs-de-recherche-web-plus-securitaires-que-google/,,4,200,Quatre moteurs de recherche Web plus sécuritaires que Google,Indexable,,206,"1,94%","17,29"
https://encriptados.io/en/blogs/news/silent-phone-the-encrypted-application-that-will-protect-all-your-chats/,,3,200,"Silent Phone, the encrypted application that will protect all your chats",Indexable,,1393,"0,22%","4,73"
https://encriptados.io/blogs/noticias/mitos-y-realidades-sobre-los-celulares-encriptados/,,3,200,Celulares Encriptados. Mitos y realidades,Indexable,,163,"1,84%","14,49"
https://encriptados.io/blogs/noticias/threema-work-la-aplicacion-de-mensajeria-para-organizaciones-mas-segura-y-facil-de-usar/,,3,200,Threema.Work la aplicación de mensajería para organizaciones más segura y fácil de usar,Indexable,,731,"0,41%","6,42"
https://encriptados.io/blogs/noticias/pegasus-asi-funciona-el-software-israeli-que-se-usa-para-espionaje/,,3,200,Pegasus. Así funciona el software que se usa para espionaje,Indexable,,48,"6,25%",11
https://encriptados.io/blogs/noticias/conoce-algunas-de-las-aplicaciones-de-mensajeria-encriptada-mas-seguras-del-mundo/,,3,200,Conoce las apps de mensajería encriptada más seguras - Encriptados.io,Indexable,,420,"0,71%","4,17"
https://encriptados.io/blogs/noticias/navegacion-anonima-como-mantener-tu-identidad-privada-en-la-web/,,2,200,Navegación Anónima: Cómo Mantener tu Identidad privada en la Web,Indexable,,708,"0,28%","10,18"
https://encriptados.io/fr/blogs/nouvelles/les-avantages-de-changer-imsi/,,2,200,Les avantages de changer IMSI - Encriptados.io,Indexable,,37,"5,41%",7
https://encriptados.io/pt/blogs/noticias-pt/china-o-estado-que-tudo-ve-a-maior-rede-de-vigilancia-do-mundo-que-compromete-a-privacidade/,,2,200,"China, el Estado que todo lo ve: La Red de Videovigilancia Más Grande del Mundo que compromete la privacidad",Indexable,,228,"0,88%","6,02"
https://encriptados.io/en/blogs/news/the-benefits-of-changing-imsi/,,2,200,The benefits of changing IMSI - Encriptados.io,Indexable,,216,"0,93%","8,93"
https://encriptados.io/blogs/noticias/esim-como-saber-si-tu-movil-es-compatible/,,2,200,eSIM ¿Cómo saber si tu móvil es compatible?,Indexable,,966,"0,21%","13,64"
https://encriptados.io/fr/blogs/nouvelles/chine-letat-qui-voit-tout-le-reseau-de-videosurveillance-le-plus-grand-du-monde-qui-compromet-la-vie-priveefrances/,,2,200,"China, el Estado que todo lo ve: La Red de Videovigilancia Más Grande del Mundo que compromete la privacidad",Indexable,,115,"1,74%","7,14"
https://encriptados.io/en/blogs/news/4-web-search-engines-safer-than-google/,,2,200,4 web search engines more secure and private than Google,Indexable,,1593,"0,13%","44,54"
https://encriptados.io/blogs/noticias/que-es-un-mdm-y-para-que-sirve/,,2,200,[spintax] {¿Qué es un MDM y para qué sirve?|¿Para qué se utiliza un MDM y cómo funciona?|MDM: ¿Qué es y por qué es importante?} [/spintax] - Encriptados.io,Indexable,,1840,"0,11%","9,82"
https://encriptados.io/blogs/noticias/conoce-la-nueva-app-encriptados-para-administrar-multiples-sims/,,2,200,Conoce la nueva App Encriptados para administrar múltiples SIMs,Indexable,,129,"1,55%","4,04"
https://encriptados.io/fr/blogs/nouvelles/decouvrez-certaines-des-applications-de-messagerie-cryptee-les-plus-securisees-au-monde/,,2,200,Découvrez les apps de messagerie cryptée les plus sécurisées - Encriptados.io,Indexable,,258,"0,78%","35,73"
https://encriptados.io/fr/blogs/nouvelles/sim-traditionnelle-vs-sim-chiffree-confidentialite-securite-et-protection-des-donnees-a-lere-numerique/,,2,200,"SIM traditionnelle vs SIM chiffrée : confidentialité, sécurité et protection des données à l’ère numérique - Encriptados.io",Indexable,,9,"22,22%",3
https://encriptados.io/en/blogs/news/discover-the-new-encriptados-app-for-managing-multiple-sims/,,2,200,Discover the new Encriptados App for managing multiple SIMs,Indexable,,162,"1,23%","7,12"
https://encriptados.io/en/blogs/news/esims-how-to-know-if-your-mobile-is-compatible/,,2,200,"eSIMs, How to know if your mobile is compatible?",Indexable,,222,"0,90%","4,65"
https://encriptados.io/it/blogs/notizia/cina-lo-stato-che-vede-tutto-la-rete-di-videosorveglianza-piu-grande-del-mondo-che-compromette-la-privacy/,,2,200,"China, el Estado que todo lo ve: La Red de Videovigilancia Más Grande del Mundo que compromete la privacidad",Indexable,,204,"0,98%","6,18"
https://encriptados.io/blogs/noticias/forensics-movil-y-recuperacion-de-datos-que-puede-hacer-un-atacante-si-no-estas-encriptado/,,1,200,Forensics móvil y recuperación de datos: ¿qué puede hacer un atacante si no estás encriptado? - Encriptados.io,Indexable,,306,"0,33%","5,56"
https://encriptados.io/it/blogs/notizia/sim-tradizionale-vs-sim-crittografata-privacy-sicurezza-e-protezione-dei-dati-nellera-digitale/,,1,200,"SIM tradizionale vs SIM crittografata: privacy, sicurezza e protezione dei dati nell’era digitale - Encriptados.io",Indexable,,10,"10,00%","6,6"
https://encriptados.io/blogs/noticias/armadillo-chat-aplicacion-de-mensajeria-instantanea-de-alta-seguridad/,,1,200,Armadillo Chat. Aplicación de mensajería instantánea de alta seguridad,Indexable,,70,"1,43%","7,66"
https://encriptados.io/blogs/noticias/desactiva-estas-funciones-para-evitar-ser-hackeado-o-espiado-en-tu-telefono/,,1,200,Desactiva estas funciones para evitar ser Hackeado o Espiado en tu Teléfono,Indexable,,214,"0,47%","4,62"
https://encriptados.io/fr/blogs/nouvelles/forensique-mobile-et-recuperation-de-donnees-que-peut-faire-un-attaquant-si-vous-netes-pas-chiffre/,,1,200,Forensique Mobile et Récupération de Données : Que Peut Faire un Attaquant Si Vous N'êtes Pas Chiffré ? - Encriptados.io,Indexable,,11,"9,09%","7,09"
https://encriptados.io/en/blogs/news/this-is-how-the-sim-card-has-evolved-over-the-years/,,1,200,This is how the SIM Card has evolved over the years,Indexable,,1471,"0,07%","8,06"
https://encriptados.io/blogs/noticias/celulares-encriptados-en-el-mundo-crypto/,,1,200,Celulares encriptados en el mundo crypto - Encriptados.io,Indexable,,118,"0,85%","20,37"
https://encriptados.io/en/blogs/news/the-deep-web-understanding-the-dangers-and-risks-of-browsing-the-dark-web/,,1,200,The deep web: Understanding the dangers and risks of browsing the dark web. - Encriptados.io,Indexable,,173,"0,58%","12,61"
https://encriptados.io/blogs/noticias/que-es-la-tecnologia-pgp-y-por-que-deberias-utilizarla/,,1,200,¿Qué es la tecnología PGP y por qué deberías utilizarla? - Encriptados.io,Indexable,,2653,"0,04%","8,49"
https://encriptados.io/en/blogs/news/encrypted-phones-what-they-are-and-why-more-companies-are-using-them/,,1,200,Teléfonos encriptados: qué son y por qué las empresas los usan cada vez más,Indexable,,24,"4,17%","5,67"
https://encriptados.io/blogs/noticias/el-lado-oscuro-de-las-redes-sociales-peligros-y-precauciones/,,1,200,El lado oscuro de las redes sociales: peligros y precauciones - Encriptados.io,Indexable,,112,"0,89%","9,23"
https://encriptados.io/en/blogs/news/armadillo-chat-high-security-instant-messaging-app/,,1,200,Armadillo Chat. High Security Instant Messaging App,Indexable,,113,"0,88%","5,42"
https://encriptados.io/fr/blogs/nouvelles/decouvrez-onesearch-le-moteur-de-recherche-crypte-qui-protege-vos-informations/,,1,200,Découvrez OneSearch: Moteur de Recherche Crypté - Encriptados.io,Indexable,,27,"3,70%","8,41"
https://encriptados.io/it/blogs/notizia/telefoni-criptati-cosa-sono-e-perche-sempre-piu-aziende-li-utilizzano-2/,,1,200,Teléfonos encriptados: qué son y por qué las empresas los usan cada vez más,Indexable,,186,"0,54%","2,37"
https://encriptados.io/blogs/noticias/esim-como-estar-conectado-mientras-estas-de-viaje/,,1,200,eSim | Cómo estar conectado mientras estás de viaje,Indexable,,74,"1,35%","9,14"
https://encriptados.io/blogs/noticias/encriptacion-de-extremo-a-extremo-como-funciona-y-por-que-deberias-usarla/,,1,200,Encriptación de extremo a extremo: cómo funciona y por qué deberías usarla - Encriptados.io,Indexable,,310,"0,32%","7,09"
https://encriptados.io/en/blogs/news/digital-privacy-for-journalists-activists-and-vulnerable-individuals-how-to-stay-safe-in-high-risk-environments/,,1,200,"Digital Privacy for Journalists, Activists, and Vulnerable Individuals: How to Stay Safe in High-Risk Environments - Encriptados.io",Indexable,,69,"1,45%","7,12"
https://encriptados.io/blogs/noticias/privacidad-digital-para-periodistas-activistas-y-personas-vulnerables-como-protegerse-en-un-entorno-de-alto-riesgo/,,1,200,"Privacidad digital para periodistas, activistas y personas vulnerables: cómo protegerse en un entorno de alto riesgo - Encriptados.io",Indexable,,41,"2,44%","6,32"
https://encriptados.io/blogs/noticias/deja-de-usar-los-servicios-de-google-asi-te-estan-espiando/,,1,200,Deja de usar los servicios de Google. Así te están espiando - Encriptados.io,Indexable,,254,"0,39%","6,98"
https://encriptados.io/fr/blogs/nouvelles/une-breve-histoire-du-cryptage-des-donnees/,,1,200,Une brève histoire du cryptage des données - Encriptados.io,Indexable,,26,"3,85%","11,92"
https://encriptados.io/blogs/noticias/privacidad-y-seguridad-en-aplicaciones-de-inteligencia-artificial-generativa-estan-protegidos-tus-datos/,,1,200,Privacidad y seguridad en aplicaciones de IA generativa: protege tus datos con Encriptados.io,Indexable,,81,"1,23%","6,84"
https://encriptados.io/blogs/noticias/seguridad-en-redes-6g-el-futuro-de-las-comunicaciones-protegidas/,,0,200,6G y seguridad: cómo proteger tus datos en la próxima generación de redes,Indexable,,55,"0,00%","3,89"
https://encriptados.io/blogs/noticias/como-prevenir-el-ransomware-estrategias-para-mantener-tus-archivos-seguros/,,0,200,Cómo Prevenir el Ransomware: Tips para Mantener tus Archivos Seguros,Indexable,,3,"0,00%",87
https://encriptados.io/fr/blogs/nouvelles/protection-de-la-vie-privee-dans-les-appareils-iot-domestiques-comment-securiser-votre-environnement-connecte/,,0,200,Protection de la vie privée dans les appareils IoT domestiques : comment sécuriser votre environnement connecté - Encriptados.io,Indexable,,1,"0,00%",5
https://encriptados.io/en/blogs/news/post-quantum-encryption-is-your-security-ready-for-the-future/,,0,200,Post-Quantum Encryption: Is Your Security Ready for the Future?,Indexable,,14,"0,00%","3,86"
https://encriptados.io/it/blogs/notizia/la-sicurezza-dei-dati-personali-e-il-ruolo-dellia-nel-big-data/,,0,200,La sicurezza dei dati personali e il ruolo dell’IA nel Big Data,Indexable,,2,"0,00%","12,5"
https://encriptados.io/it/blogs/notizia/intelligenza-artificiale-e-machine-learning-nella-sicurezza-mobile-il-futuro-della-protezione-digitale/,,0,200,Intelligenza Artificiale e Machine Learning nella Sicurezza Mobile: Il Futuro della Protezione Digitale?,Indexable,,5,"0,00%","7,8"
https://encriptados.io/pt/blogs/noticias-pt/sim-tradicional-vs-sim-criptografada-diferencas-em-privacidade-e-seguranca-movel/,,0,200,SIM tradicional vs SIM criptografada: diferenças em privacidade e segurança móvel - Encriptados.io,Indexable,,12,"0,00%","3,92"
https://encriptados.io/blogs/noticias/cuidado-con-los-sorteos-en-instagram-estan-siendo-usados-para-robar-datos-bancarios/,,0,200,Cuidado con sorteos en Instagram: Robo de datos bancarios - Encriptados.io,Indexable,,29,"0,00%","5,79"
https://encriptados.io/blogs/noticias/cbdcs-monedas-digitales-tu-dinero-en-la-era-digital-y-la-perdida-de-la-privacidad/,,0,200,[spintax] {CBDCs: Monedas Digitales. Tu Dinero en la Era Digital y la Pérdida de la Privacidad | CBDCs: Monedas Digitales. El Futuro del Dinero y la Amenaza a Tu Privacidad | CBDCs: Monedas Digitales. Tu Dinero en la Era Digital y el Riesgo de la Privacidad | CBDCs: Monedas Digitales. Tu Dinero en la Era Digital y los Desafíos de la Privacidad} [/spintax] - Encriptados.io,Indexable,,2,"0,00%",35
https://encriptados.io/pt/blogs/noticias-pt/tendencias-em-ciberseguranca-para-2025-que-voce-precisa-conhecer/,,0,200,Tendências em cibersegurança para 2025 que você precisa conhecer,Indexable,,39,"0,00%","8,21"
https://encriptados.io/blogs/noticias/la-mejor-vpn-que-puedes-usar-en-el-2024/,,0,200,La mejor VPN que puedes usar en el 2024 - Encriptados.io,Indexable,,105,"0,00%","14,23"
https://encriptados.io/en/blogs/news/the-best-vpn-you-can-use-in-2024/,,0,200,The best VPN you can use in 2024 - Encriptados.io,Indexable,,31,"0,00%","5,87"
https://encriptados.io/blogs/noticias/deep-web-los-peligros-y-riesgos-de-navegar-en-la-web-oscura/,,0,200,Deep web: Los peligros y riesgos de navegar en la web oscura - Encriptados.io,Indexable,,362,"0,00%","6,58"
https://encriptados.io/blogs/noticias/5-senales-de-que-tu-privacidad-digital-esta-en-riesgo-y-como-solucionarlo/,,0,200,5 señales de que tu privacidad digital está en riesgo (y cómo proteger tus datos),Indexable,,26,"0,00%","7,42"
https://encriptados.io/en/blogs/news/stop-using-google-services-they-are-spying-on-you/,,0,200,Stop using Google services. They are spying on you - Encriptados.io,Indexable,,71,"0,00%","29,93"
https://encriptados.io/en/blogs/news/encrypted-cellular-why-have-one/,,0,200,Encrypted Cellular Why have one? - Encriptados.io,Indexable,,75,"0,00%","43,51"
https://encriptados.io/fr/blogs/nouvelles/digital-loan-apps-le-calvaire-des-victimes-qui-utilisent-ce-type-dapplication/,,0,200,Digital Loan Apps: Calvario des Victimes - Encriptados.io,Indexable,,4,"0,00%","5,5"
https://encriptados.io/pt/blogs/noticias-pt/forense-mobile-e-recuperacao-de-dados-o-que-um-atacante-pode-fazer-se-voce-nao-esta-criptografado/,,0,200,Forense Mobile e Recuperação de Dados: O Que um Atacante Pode Fazer Se Você Não Está Criptografado? - Encriptados.io,Indexable,,18,"0,00%","6,11"
https://encriptados.io/en/blogs/news/60109/,,0,200,5 Signs Your Digital Privacy Is at Risk (and How to Protect Your Data),Indexable,,1,"0,00%",10
https://encriptados.io/blogs/noticias/como-funciona-un-ataque-ddos-y-como-protegerse-de-el/,,0,200,¿Cómo funciona un ataque DDoS y cómo protegerse de él? - Encriptados.io,Indexable,,69,"0,00%","18,71"
https://encriptados.io/it/blogs/notizia/sicurezza-nelle-reti-6g-il-futuro-delle-comunicazioni-protette/,,0,200,Sicurezza 6G: come proteggere i tuoi dati nella prossima generazione di reti,Indexable,,49,"0,00%","6,47"
https://encriptados.io/en/blogs/news/cybersecurity-trends-for-2025-you-need-to-know/,,0,200,Cybersecurity Trends for 2025 You Need to Know,Indexable,,6,"0,00%",8
https://encriptados.io/blogs/noticias/inteligencia-artificial-y-machine-learning-en-seguridad-movil-el-futuro-de-la-proteccion-digital/,,0,200,nteligencia Artificial y Machine Learning en Seguridad Móvil: ¿El Futuro de la Protección Digital?,Indexable,,90,"0,00%","2,82"
https://encriptados.io/fr/blogs/nouvelles/confidentialite-et-securite-dans-les-applications-dia-generative-vos-donnees-sont-elles-protegees/,,0,200,Confidentialité et sécurité dans les applications d’IA générative | Encriptados.io,Indexable,,14,"0,00%",19
https://encriptados.io/it/blogs/notizia/criptografia-de-ponta-a-ponta-como-funciona-e-por-que-voce-deve-usa-la/,,0,200,Criptografia de ponta a ponta: como funciona e por que você deve usá-la - Encriptados.io,Indexable,,1,"0,00%",7
https://encriptados.io/blogs/noticias/el-doble-factor-de-autenticacion-y-cual-es-su-importancia/,,0,200,El Doble Factor de Autenticación y cuál es su importancia - Encriptados.io,Indexable,,11,"0,00%","37,55"
https://encriptados.io/en/blogs/news/traditional-sim-vs-encrypted-sim-privacy-security-and-data-protection-in-the-digital-era/,,0,200,"Traditional SIM vs Encrypted SIM: Privacy, Security and Data Protection in the Digital Era - Encriptados.io",Indexable,,179,"0,00%","7,69"
https://encriptados.io/en/blogs/news/online-privacy-and-digital-rights-what-are-your-rights-online-and-how-to-protect-them/,,0,200,Online Privacy: Protecting Your Digital Rights - Encriptados.io,Indexable,,2,"0,00%",10
https://encriptados.io/en/blogs/news/esim-how-to-stay-connected-while-traveling/,,0,200,eSim: How to stay connected while traveling,Indexable,,72,"0,00%","10,08"
https://encriptados.io/fr/blogs/nouvelles/quest-ce-que-la-crypto-et-pourquoi-est-elle-importante-pour-tout-le-monde/,,0,200,Qu’est-ce que la crypto et son importance? - Encriptados.io,Indexable,,3,"0,00%","9,33"
https://encriptados.io/blogs/noticias/como-detectar-y-evitar-el-phishing/,,0,200,Cómo detectar y evitar el phishing - Encriptados.io,Indexable,,11,"0,00%","1,18"
https://encriptados.io/pt/blogs/noticias-pt/seguranca-em-redes-6g-o-futuro-das-comunicacoes-protegidas/,,0,200,Segurança na 6G: como proteger seus dados na próxima geração de redes,Indexable,,39,"0,00%","6,54"
https://encriptados.io/pt/blogs/noticias-pt/crittografia-end-to-end-come-funziona-e-perche-dovresti-usarla/,,0,200,Crittografia end-to-end: come funziona e perché dovresti usarla - Encriptados.io,Indexable,,114,"0,00%","9,94"
https://encriptados.io/blogs/noticias/celular-chatmail-blinda-tu-celular-evita-hackeos-y-protege-tus-comunicaciones/,,0,200,"Celular Chatmail. Blinda tu celular, evita hackeos y protege tus comunicaciones",Indexable,,13,"0,00%","9,08"
https://encriptados.io/blogs/noticias/renati-conoce-el-nuevo-telefono-encriptado-con-su-propio-os/,,0,200,"[spintax] {Renati: Conoce el Nuevo Teléfono Encriptado con su Propio Sistema Operativo|Renati: El Smartphone Encriptado con un Sistema Operativo Exclusivo|Descubre Renati, el Teléfono Ultra Seguro con su Propio Software} [/spintax] - Encriptados.io",Indexable,,34,"0,00%","6,5"
https://encriptados.io/en/blogs/news/meet-some-of-the-most-secure-encrypted-messaging-applications-in-the-world/,,0,200,Meet the Most Secure Encrypted Messaging Apps - Encriptados.io,Indexable,,348,"0,00%","21,02"
https://encriptados.io/fr/blogs/nouvelles/decouvrez-la-nouvelle-application-encriptados-pour-gerer-plusieurs-sims/,,0,200,Découvrez la nouvelle application Encriptados pour gérer plusieurs SIMs,Indexable,,26,"0,00%",6
https://encriptados.io/blogs/noticias/5-razones-para-elegir-aplicaciones-encriptadas-en-el-2024/,,0,200,[spintax] {5 razones para elegir aplicaciones encriptadas en el 2024|Cinco motivos para optar por apps encriptadas este 2024|¿Por qué deberías usar aplicaciones encriptadas en 2024? Descúbrelo aquí.} [/spintax] - Encriptados.io,Indexable,,7,"0,00%","9,14"
https://encriptados.io/fr/blogs/nouvelles/chiffrement-de-bout-en-bout-comment-cela-fonctionne-et-pourquoi-vous-devriez-lutiliser/,,0,200,Chiffrement de bout en bout : comment cela fonctionne et pourquoi vous devriez l’utiliser - Encriptados.io,Indexable,,229,"0,00%","36,08"
https://encriptados.io/blogs/noticias/la-seguridad-de-nuestros-datos-personales-y-el-papel-de-la-ia-en-el-big-data/,,0,200,Seguridad de datos personales e IA en Big Data: soluciones de Encriptados.io,Indexable,,1,"0,00%",4
https://encriptados.io/blogs/noticias/conoce-las-ciberestafas-mas-comunes-en-contra-de-adolescentes/,,0,200,Conoce las ciberestafas más comunes en contra de adolescentes - Encriptados.io,Indexable,,24,"0,00%","5,71"
https://encriptados.io/blogs/noticias/las-5-amenazas-de-ciberseguridad-que-pueden-afectar-tu-empresa/,,0,200,Las 5 amenazas de ciberseguridad que pueden afectar tu empresa - Encriptados.io,Indexable,,12,"0,00%","3,83"
https://encriptados.io/en/blogs/news/how-does-a-ddos-attack-work-and-how-to-protect-yourself-from-it/,,0,200,How does a DDoS attack work and how to protect yourself from it? - Encriptados.io,Indexable,,26,"0,00%","21,92"
https://encriptados.io/en/blogs/news/breaking-barriers-the-truth-about-anonymous-sim-cards-and-their-effectiveness-in-the-digital-world/,,0,200,[spintax]{Breaking|Shattering|Overcoming} barriers: The {truth|reality|facts} about {Anonymous|Untraceable|Private} SIM cards.[/spintax] - Encriptados.io,Indexable,,117,"0,00%","15,95"
https://encriptados.io/it/blogs/notizia/confidentialite-numerique-pour-journalistes-activistes-et-personnes-vulnerables-comment-se-proteger-dans-des-environnements-a-haut-risque/,,0,200,"Confidentialité numérique pour journalistes, activistes et personnes vulnérables : comment se protéger dans des environnements à haut risque - Encriptados.io",Indexable,,1,"0,00%",11
https://encriptados.io/blogs/noticias/encriptacion-post-cuantica-esta-tu-seguridad-lista-para-el-futuro/,,0,200,Encriptación Post-Cuántica: ¿Está tu Seguridad Lista para el Futuro?,Indexable,,2,"0,00%",3
https://encriptados.io/blogs/noticias/cuales-son-los-malwares-mas-comunes-y-como-evitarlos/,,0,200,Cuáles son los Malwares más comunes y cómo evitarlos - Encriptados.io,Indexable,,15,"0,00%","13,87"
https://encriptados.io/pt/blogs/noticias-pt/conheca-o-novo-app-encriptados-para-gerenciar-multiplos-sims/,,0,200,Conheça o novo app Encriptados para gerenciar múltiplos SIMs.,Indexable,,4,"0,00%",4
https://encriptados.io/en/blogs/news/artificial-intelligence-and-machine-learning-in-mobile-security-the-future-of-digital-protection/,,0,200,Artificial Intelligence and Machine Learning in Mobile Security: The Future of Digital Protection?,Indexable,,3,"0,00%",24
https://encriptados.io/en/blogs/news/the-double-factor-authentication-and-what-is-its-importance/,,0,200,"The Double Factor Authentication, and what is its importance. - Encriptados.io",Indexable,,2,"0,00%",2
https://encriptados.io/en/blogs/news/myths-and-realities-about-encrypted-cell-phones/,,0,200,Encrypted cell phones. Myths and realities,Indexable,,4,"0,00%",6
https://encriptados.io/fr/blogs/nouvelles/securite-des-reseaux-6g-lavenir-des-communications-protegees/,,0,200,Sécurité 6G : comment protéger vos données avec les réseaux de demain,Indexable,,34,"0,00%","7,35"
https://encriptados.io/blogs/noticias/5-consejos-de-ciberseguridad-que-salvaran-tus-compras-online-en-dias-de-ofertas/,,0,200,5 consejos de ciberseguridad que salvarán tus compras online en días de ofertas,Indexable,,1,"0,00%",10
https://encriptados.io/blogs/noticias/los-beneficios-del-cambio-de-imsi/,,0,200,Los beneficios del cambio de IMSI - Encriptados.io,Indexable,,119,"0,00%","6,93"
https://encriptados.io/en/blogs/news/meet-onesearch-the-encrypted-search-engine-that-protects-your-information/,,0,200,OneSearch: Encrypted Search Engine - Encriptados.io,Indexable,,232,"0,00%","25,12"
https://encriptados.io/blogs/noticias/apps-de-prestamos-digitales-el-martirio-de-las-victimas-que-usan-este-tipo-de-aplicaciones/,,0,200,Apps de Préstamos Digitales: Martirio de víctimas - Encriptados.io,Indexable,,86,"0,00%","2,33"
https://encriptados.io/en/blogs/news/privacy-and-security-in-generative-artificial-intelligence-applications-are-your-data-protected/,,0,200,Privacy and Security in Generative AI Applications: Protect Your Data with Encriptados.io,Indexable,,3,"0,00%","1,67"
https://encriptados.io/blogs/noticias/tendencias-en-ciberseguridad-para-2025-que-debes-conocer/,,0,200,Tendencias en Ciberseguridad para 2025 que debes conocer,Indexable,,22,"0,00%","16,09"
https://encriptados.io/blogs/noticias/vpns-cifradas-con-politica-no-logs-cuanto-confiar-y-como-verificar/,,0,200,VPNs cifradas con política “no logs”: cuánto confiar y cómo verificar - Encriptados.io,Indexable,,423,"0,00%","5,99"
https://encriptados.io/it/blogs/notizia/privacidade-e-seguranca-em-ia-generativa-proteja-seus-dados-com-encriptados-io/,,0,200,Privacy e sicurezza nelle app IA generativa: proteggi i tuoi dati con Encriptados.io,Indexable,,5,"0,00%","8,8"
https://encriptados.io/fr/blogs/nouvelles/arretez-dutiliser-les-services-google-cest-comme-ca-quon-vous-espionne/,,0,200,"Arrêtez d’utiliser Google, c’est ainsi qu’on vous espionne - Encriptados.io",Indexable,,15,"0,00%","9,07"
https://encriptados.io/en/blogs/news/mobile-forensics-and-data-recovery-what-can-an-attacker-do-if-youre-not-encrypted/,,0,200,Mobile Forensics and Data Recovery: What Can an Attacker Do If You're Not Encrypted? - Encriptados.io,Indexable,,17,"0,00%","5,76"
https://encriptados.io/fr/blogs/nouvelles/le-web-profond-comprendre-les-dangers-et-les-risques-lies-a-la-navigation-sur-le-web-profond/,,0,200,Le Web profond : Dangers et risques de navigation - Encriptados.io,Indexable,,35,"0,00%","8,03"
https://encriptados.io/en/blogs/news/how-to-prevent-ransomware-strategies-to-keep-your-files-safe/,,0,200,How to Prevent Ransomware: Tips to Keep Your Files Safe,Indexable,,6,"0,00%","2,33"
https://encriptados.io/blogs/noticias/aplicaciones-de-mensajeria-como-comprometen-tu-privacidad-y-usan-tus-datos/,,0,200,Apps de Mensajería: Comprometen Privacidad y Datos - Encriptados.io,Indexable,,178,"0,00%","5,15"
https://encriptados.io/blogs/noticias/sim-tradicional-vs-sim-encriptada-privacidad-seguridad-y-proteccion-de-datos-en-la-era-digital/,,0,200,"SIM tradicional vs SIM encriptada: privacidad, seguridad y protección de datos en la era digital - Encriptados.io",Indexable,,7,"0,00%","5,29"
https://encriptados.io/blogs/noticias/una-corta-historia-del-cifrado-de-datos/,,0,200,Una corta historia del cifrado de datos - Encriptados.io,Indexable,,347,"0,00%","9,48"
https://encriptados.io/blogs/noticias/cuidado-con-las-nuevas-ciberestafas-que-usan-la-vacuna-del-covid-19-como-senuelo/,,0,200,Cuidado con ciberestafas usando vacuna Covid-19 - Encriptados.io,Indexable,,1,"0,00%",8
https://encriptados.io/fr/blogs/nouvelles/pegasus-voici-comment-fonctionne-le-logiciel-israelien-utilise-a-des-fins-despionnage/,,0,200,Pegasus. Voici comment fonctionne le logiciel utilisé pour l’espionnage,Indexable,,31,"0,00%","67,26"
https://encriptados.io/it/blogs/notizia/forensics-mobile-e-recupero-dati-cosa-puo-fare-un-attaccante-se-non-sei-crittografato/,,0,200,Forensics Mobile e Recupero Dati: Cosa Può Fare un Attaccante Se Non Sei Crittografato? - Encriptados.io,Indexable,,1,"0,00%",6
https://encriptados.io/pt/blogs/noticias-pt/inteligencia-artificial-e-machine-learning-na-seguranca-movel-o-futuro-da-protecao-digital/,,0,200,Inteligência Artificial e Machine Learning na Segurança Móvel: O Futuro da Proteção Digital?,Indexable,,1,"0,00%",2
https://encriptados.io/pt/blogs/noticias-pt/5-dicas-de-ciberseguranca-para-proteger-suas-compras-online-em-dias-de-ofertas/,,0,200,5 dicas de cibersegurança para proteger suas compras online em dias de ofertas,Indexable,,1,"0,00%",10
https://encriptados.io/pt/blogs/noticias-pt/telefones-criptografados-o-que-sao-e-por-que-cada-vez-mais-empresas-os-utilizam/,,0,200,Telefones criptografados: o que são e por que cada vez mais empresas os utilizam - Encriptados.io,Indexable,,3,"0,00%","8,33"
https://encriptados.io/en/blogs/news/beware-of-giveaways-on-instagram-they-are-being-used-to-steal-bank-details/,,0,200,Beware of giveaways on Instagram: Steal bank details - Encriptados.io,Indexable,,13,"0,00%","7,62"
https://encriptados.io/blogs/noticias/francia-aprueba-polemica-ley-que-permite-activar-la-camara-y-microfono-de-los-celulares-de-sospechosos/,,0,200,Francia aprueba polémica ley que permite activar la cámara y micrófono de los celulares,Indexable,,18,"0,00%","7,22"
https://encriptados.io/en/blogs/news/security-in-6g-networks-the-future-of-protected-communications/,,0,200,6G Security: How to Protect Your Data in the Next Generation of Networks,Indexable,,129,"0,00%","9,29"
https://encriptados.io/it/blogs/notizia/5-sinais-de-que-sua-privacidade-digital-esta-em-risco-e-como-resolver/,,0,200,5 segnali che la tua privacy digitale è a rischio (e come proteggere i tuoi dati),Indexable,,4,"0,00%","3,75"
https://encriptados.io/fr/blogs/nouvelles/quest-ce-que-le-vishing-la-tromperie-telephonique-a-la-mode-chez-les-cybercriminels/,,0,200,Qu’est-ce que le vishing? - Encriptados.io,Indexable,,95,"0,00%","81,84"
https://encriptados.io/blogs/noticias/la-importancia-de-la-ciberseguridad-en-los-bufetes-de-abogados/,,0,200,La importancia de la ciberseguridad en los bufetes de abogados - Encriptados.io,Indexable,,203,"0,00%","57,65"
https://encriptados.io/en/blogs/news/china-the-all-seeing-state-the-worlds-largest-surveillance-network-that-compromises-privacy/,,0,200,"China, el Estado que todo lo ve: La Red de Videovigilancia Más Grande del Mundo que compromete la privacidad",Indexable,,41,"0,00%","8,85"
https://encriptados.io/blogs/noticias/criptomonedas-como-proteger-tu-billetera-y-evitar-el-robo/,,0,200,[spintax]{Criptomonedas: Cómo proteger tu billetera y evitar el robo.|Criptomonedas: Consejos para asegurar tu billetera y prevenir fraudes.|Protege tu billetera de criptomonedas y evita ser víctima de robo.}[/spintax] - Encriptados.io,Indexable,,149,"0,00%","9,27"
https://encriptados.io/pt/blogs/noticias-pt/protecao-da-privacidade-em-dispositivos-iot-domesticos-como-blindar-seu-ambiente-conectado/,,0,200,Proteção da privacidade em dispositivos IoT domésticos: como blindar seu ambiente conectado - Encriptados.io,Indexable,,5,"0,00%","6,6"
https://encriptados.io/en/blogs/news/end-to-end-encryption-how-it-works-and-why-you-should-use-it/,,0,200,End-to-End Encryption: How It Works and Why You Should Use It - Encriptados.io,Indexable,,270,"0,00%","23,1"
https://encriptados.io/fr/blogs/nouvelles/attention-aux-cadeaux-sur-instagram-ils-sont-utilises-pour-voler-des-coordonnees-bancaires/,,0,200,Attention aux cadeaux sur Instagram: Vol de données bancaires - Encriptados.io,Indexable,,12,"0,00%","21,33"
https://encriptados.io/blogs/noticias/la-importancia-de-la-encriptacion-en-el-correo-electronico/,,0,200,La importancia de la encriptación en el correo electrónico - Encriptados.io,Indexable,,24,"0,00%","8,92"
https://encriptados.io/en/blogs/news/a-short-history-of-data-encryption/,,0,200,A short history of data Encryption - Encriptados.io,Indexable,,88,"0,00%","10,88"
https://encriptados.io/fr/blogs/nouvelles/privacidade-digital-para-jornalistas-ativistas-e-pessoas-vulneraveis-como-se-proteger-em-ambientes-de-alto-risco/,,0,200,"Privacidade Digital para Jornalistas, Ativistas e Pessoas Vulneráveis: Como se Proteger em Ambientes de Alto Risco - Encriptados.io",Indexable,,3,"0,00%","8,33"
https://encriptados.io/en/blogs/news/pegasus-this-is-how-the-israeli-software-used-for-espionage-works/,,0,200,Pegasus. This is how the software used for espionage works,Indexable,,10,"0,00%","8,8"
https://encriptados.io/it/blogs/notizia/protezione-della-privacy-nei-dispositivi-iot-domestici-come-blindare-il-tuo-ambiente-connesso/,,0,200,Protezione della privacy nei dispositivi IoT domestici: come blindare il tuo ambiente connesso - Encriptados.io,Indexable,,3,"0,00%","7,33"
https://encriptados.io/it/blogs/notizia/cbdc-valute-digitali-il-tuo-denaro-nellera-digitale-e-la-perdita-della-privacy/,,0,200,CBDC: Valute digitali. Il tuo denaro nell'era digitale e la perdita della privacy,Indexable,,3,"0,00%","18,67"
https://encriptados.io/blogs/noticias/la-privacidad-en-linea-y-los-derechos-digitales-cuales-son-tus-derechos-en-linea-y-como-protegerlos/,,0,200,Privacidad online: Derechos y cómo protegerlos - Encriptados.io,Indexable,,13,"0,00%","8,31"
https://encriptados.io/blogs/noticias/medios-de-comunicacion-y-periodistas-como-fortalecer-su-ciberseguridad/,,0,200,Medios y periodistas: Fortalecer ciberseguridad - Encriptados.io,Indexable,,2,"0,00%","6,5"
https://encriptados.io/fr/blogs/nouvelles/limportance-du-cryptage-dans-les-courriels/,,0,200,L’importance du cryptage dans les courriels - Encriptados.io,Indexable,,1,"0,00%",18
https://encriptados.io/pt/blogs/noticias-pt/privacidade-e-seguranca-em-aplicativos-de-ia-generativa-seus-dados-estao-realmente-protegidos/,,0,200,Privacidade e segurança em IA generativa: Proteja seus dados com Encriptados.io,Indexable,,105,"0,00%","6,95"
https://encriptados.io/blogs/noticias/que-es-el-vishing-la-estafa-telefonica-que-esta-de-moda-en-los-ciberdelincuentes/,,0,200,¿Qué es el Vishing? Estafa telefónica en aumento - Encriptados.io,Indexable,,22,"0,00%",80
https://encriptados.io/fr/blogs/nouvelles/comment-la-nouvelle-politique-de-whatsapp-affectera-t-elle-les-entreprises/,,0,200,Nouvelle politique de WhatsApp: Impact en empresas - Encriptados.io,Indexable,,4,"0,00%","14,25"
https://encriptados.io/en/blogs/news/messaging-apps-how-do-they-compromise-your-privacy-and-use-your-data/,,0,200,Messaging Apps. How do they compromise your privacy and use your data? - Encriptados.io,Indexable,,25,"0,00%","10,16"
https://encriptados.io/en/blogs/news/australia-seeks-to-teach-basic-cybersecurity-to-5-year-olds-in-all-schools/,,0,200,Australia to teach cybersecurity to 5-year-olds - Encriptados.io,Indexable,,14,"0,00%",5
https://encriptados.io/en/blogs/news/disable-these-functions-to-avoid-being-hacked-or-spied-on-on-your-phone/,,0,200,Disable these functions to avoid being Hacked or Spied on on your Phone,Indexable,,53,"0,00%","3,23"
https://encriptados.io/en/blogs/news/france-approves-controversial-law-that-allows-activating-the-camera-and-microphone-of-suspects-cell-phones/,,0,200,France approves controversial law that allows activating the camera and microphone of cell phones,Indexable,,230,"0,00%","6,58"
https://encriptados.io/en/blogs/news/what-is-vishing-the-scam-on-phone-calls-that-is-increasing-among-cybercriminals/,,0,200,What is Vishing? Increasing Phone Scam - Encriptados.io,Indexable,,19,"0,00%","4,58"
https://encriptados.io/blogs/noticias/australia-busca-ensenar-ciberseguridad-basica-a-ninos-de-5-anos-en-todos-los-colegios/,,0,200,Australia enseña ciberseguridad básica a 5 años - Encriptados.io,Indexable,,18,"0,00%","10,56"
https://encriptados.io/fr/blogs/nouvelles/cbdc-monnaies-numeriques-votre-argent-a-lere-numerique-et-la-perte-de-la-vie-privee/,,0,200,CBDC: Monnaies numériques. Votre argent à l'ère numérique et la perte de la vie privée,Indexable,,27,"0,00%","45,74"
https://encriptados.io/en/blogs/news/the-security-of-personal-data-and-the-role-of-ai-in-big-data/,,0,200,Personal Data Security and AI in Big Data: Solutions from Encriptados.io,Indexable,,6,"0,00%","4,67"
https://encriptados.io/pt/blogs/noticias-pt/5-sinais-de-que-sua-privacidade-digital-esta-em-risco-e-como-resolver/,,,200,5 sinais de que sua privacidade digital está em risco (e como proteger seus dados),Indexable,,,,
https://encriptados.io/pt/blogs/noticias-pt/a-seguranca-dos-dados-pessoais-e-o-papel-da-ia-no-big-data/,,,200,A segurança dos dados pessoais e o papel da IA no Big Data,Indexable,,,,
https://encriptados.io/en/blogs/news/5-cybersecurity-tips-to-save-your-online-shopping-during-sale-days/,,,200,5 Cybersecurity Tips to Save Your Online Shopping During Sale Days,Indexable,,,,
https://encriptados.io/blogs/noticias/empresas-que-fueron-hackeadas-como-evitar-que-le-ocurra-a-la-tuya/,,,301,,No indexable,Redirigido,,,
https://encriptados.io/fr/blogs/nouvelles/applications-de-messagerie-comment-compromettent-elles-votre-vie-privee-et-utilisent-elles-vos-donnees/,,,200,Messagerie: Compromet vie privée et données? - Encriptados.io,Indexable,,,,
https://encriptados.io/fr/blogs/nouvelles/limportance-du-chiffrement-dans-les-organisations/,,,200,L'importance du chiffrement dans les organisations - Encriptados.io,Indexable,,,,
https://encriptados.io/fr/blogs/nouvelles/comment-prevenir-les-rancongiciels-strategies-pour-proteger-vos-fichiers/,,,200,Comment prévenir les ransomwares : conseils pour protéger vos fichiers,Indexable,,,,
https://encriptados.io/blogs/noticias/ciberataques-a-traves-de-dispositivos-moviles-como-protegerse/,,,200,Ciberataques a través de dispositivos móviles ¿ Cómo protegerse? - Encriptados.io,Indexable,,,,
https://encriptados.io/blogs/noticias/proteccion-de-la-privacidad-en-dispositivos-iot-del-hogar-como-blindar-tu-entorno-conectado/,,,200,Protección de la privacidad en dispositivos IoT del hogar: cómo blindar tu entorno conectado - Encriptados.io,Indexable,,,,
https://encriptados.io/en/blogs/news/how-to-spot-and-avoid-phishing/,,,200,How to spot and avoid Phishing - Encriptados.io,Indexable,,,,
https://encriptados.io/fr/blogs/nouvelles/laustralie-cherche-a-enseigner-la-cybersecurite-de-base-aux-enfants-de-5-ans-dans-toutes-les-ecoles/,,,200,Australie enseigne cybersécurité a 5 años - Encriptados.io,Indexable,,,,
https://encriptados.io/fr/blogs/nouvelles/cryptographie-post-quantique-votre-securite-est-elle-prete-pour-lavenir/,,,200,Cryptographie Post-Quantique : Votre Sécurité est-elle Prête pour l'Avenir ?,Indexable,,,,
https://encriptados.io/en/blogs/news/the-importance-of-encryption-in-email/,,,200,The importance of Encryption in email - Encriptados.io,Indexable,,,,
https://encriptados.io/fr/blogs/nouvelles/les-crimes-informatiques-les-plus-courants-et-comment-ne-pas-en-etre-victime/,,,200,Crimes informatiques courants et prévention - Encriptados.io,Indexable,,,,
https://encriptados.io/fr/blogs/nouvelles/limportance-de-la-cybersecurite-dans-les-cabinets-davocats/,,,200,L'importance de la cybersécurité dans les cabinets d'avocats - Encriptados.io,Indexable,,,,
https://encriptados.io/en/blogs/news/digital-lending-apps-the-suffering-of-the-victims-who-use-this-type-of-apps/,,,200,Digital Lending Apps: Victims' Suffering - Encriptados.io,Indexable,,,,
https://encriptados.io/it/blogs/notizia/5-consigli-di-sicurezza-informatica-per-proteggere-i-tuoi-acquisti-online-durante-i-giorni-di-saldi/,,,200,5 consigli di sicurezza informatica per proteggere i tuoi acquisti online durante i giorni di saldi,Indexable,,,,
https://encriptados.io/fr/blogs/nouvelles/quest-ce-que-lauthentification-a-double-facteur-et-quelle-est-son-importance/,,,200,Qu’est-ce que l’authentification à double facteur et quelle est son importance? - Encriptados.io,Indexable,,,,
https://encriptados.io/fr/blogs/nouvelles/les-10-pires-incidents-de-cybersecurite-en-2021/,,,200,Les 10 pires incidents de cybersécurité en 2021 - Encriptados.io,Indexable,,,,
https://encriptados.io/en/blogs/news/protecting-privacy-in-home-iot-devices-how-to-shield-your-connected-environment/,,,200,Protecting Privacy in Home IoT Devices: How to Shield Your Connected Environment - Encriptados.io,Indexable,,,,
https://encriptados.io/it/blogs/notizia/crittografia-post-quantistica-la-tua-sicurezza-e-pronta-per-il-futuro/,,,200,Crittografia Post-Quantistica: La Tua Sicurezza è Pronta per il Futuro?,Indexable,,,,
https://encriptados.io/fr/blogs/nouvelles/attention-aux-nouvelles-cyberarnaques-qui-utilisent-le-vaccin-covid-19-comme-leurre/,,,200,Cyberarnaques utilisant vaccin Covid 19 comme leurre - Encriptados.io,Indexable,,,,
https://encriptados.io/it/blogs/notizia/5-segnali-che-la-tua-privacy-digitale-e-a-rischio-e-come-risolverlo/,,,200,5 Signs Your Digital Privacy Is at Risk (and How to Protect Your Data),Indexable,,,,
https://encriptados.io/en/blogs/news/cyber-attacks-through-mobile-devices-how-to-protect-yourself/,,,200,Cyber ​​attacks through mobile devices: How to protect yourself - Encriptados.io,Indexable,,,,
https://encriptados.io/en/blogs/news/the-importance-of-cybersecurity-in-law-firms/,,,200,The importance of cybersecurity in law firms - Encriptados.io,Indexable,,,,
https://encriptados.io/it/blogs/notizia/tendenze-nella-cybersicurezza-per-il-2025-che-devi-conoscere/,,,200,Tendenze nella cybersicurezza per il 2025 che devi conoscere,Indexable,,,,
https://encriptados.io/pt/blogs/noticias-pt/privacy-digitale-per-giornalisti-attivisti-e-persone-vulnerabili-come-proteggersi-in-ambienti-ad-alto-rischio/,,,200,"Privacy digitale per giornalisti, attivisti e persone vulnerabili: come proteggersi in ambienti ad alto rischio - Encriptados.io",Indexable,,,,
https://encriptados.io/fr/blogs/nouvelles/la-securite-des-donnees-personnelles-et-le-role-de-lia-dans-le-big-data/,,,200,Sécurité des données personnelles et IA dans le Big Data : les solutions d’Encriptados.io,Indexable,,,,
https://encriptados.io/fr/blogs/nouvelles/confidentialite-en-ligne-quels-sont-vos-droits-numeriques-et-comment-les-proteger/,,,200,Confidentialité en ligne: Droits numériques et protection - Encriptados.io,Indexable,,,,
https://encriptados.io/fr/blogs/nouvelles/5-signes-que-votre-vie-privee-numerique-est-en-danger-et-comment-y-remedier/,,,200,5 Signs Your Digital Privacy Is at Risk (and How to Protect Your Data),Indexable,,,,
https://encriptados.io/fr/blogs/nouvelles/connaitre-les-cyberescroqueries-les-plus-courantes-contre-les-adolescents/,,,200,Cyberescroqueries courantes contre les adolescents - Encriptados.io,Indexable,,,,
https://encriptados.io/fr/blogs/nouvelles/intelligence-artificielle-et-machine-learning-dans-la-securite-mobile-lavenir-de-la-protection-numerique/,,,200,Intelligence Artificielle et Machine Learning dans la Sécurité Mobile : L'Avenir de la Protection Numérique ?,Indexable,,,,
https://encriptados.io/pt/blogs/noticias-pt/5-sinais-de-que-sua-privacidade-digital-esta-em-risco-e-como-resolver-2/,,,200,5 Signs Your Digital Privacy Is at Risk (and How to Protect Your Data),Indexable,,,,
https://encriptados.io/pt/blogs/noticias-pt/cbdcs-moedas-digitais-seu-dinheiro-na-era-digital-e-a-perda-da-privacidade/,,,200,CBDCs: Moedas Digitais. Seu Dinheiro na Era Digital e a Perda da Privacidade,Indexable,,,,
https://encriptados.io/pt/blogs/noticias-pt/criptografia-pos-quantica-sua-seguranca-esta-pronta-para-o-futuro/,,,200,Crittografia Post-Quantistica: La Tua Sicurezza è Pronta per il Futuro?,Indexable,,,,
https://encriptados.io/fr/blogs/nouvelles/cyberattaques-via-des-appareils-mobiles-comment-vous-proteger/,,,200,Cyberattaques via des appareils mobiles : comment vous protéger - Encriptados.io,Indexable,,,,
https://encriptados.io/fr/blogs/nouvelles/5-conseils-de-cybersecurite-pour-proteger-vos-achats-en-ligne-pendant-les-journees-de-promotions/,,,200,5 conseils de cybersécurité pour protéger vos achats en ligne pendant les journées de promotions,Indexable,,,,
https://encriptados.io/en/blogs/news/cbdcs-digital-currencies-your-money-in-the-digital-era-and-the-loss-of-privacy/,,,200,CBDCs: Digital Currencies. Your Money in the Digital Era and the Loss of Privacy,Indexable,,,,
https://encriptados.io/blogs/noticias/10-ataques-ciberneticos-que-marcaron-la-historia/,,0,200,10 ataques cibernéticos que marcaron la historia - Encriptados.io,Indexable,,11,"0,00%","21,73"
https://encriptados.io/blogs/noticias/10-cosas-que-nunca-debes-compartir-en-tus-redes-sociales/,,0,200,10 cosas que nunca debes compartir en tus redes sociales - Encriptados.io,Indexable,,436,"0,00%","4,83"
https://encriptados.io/blogs/noticias/5-aplicaciones-de-mensajeria-mas-seguras-que-whatsapp-o-telegram/,,14,200,5 Aplicaciones de mensajería más seguras que Whatsapp o Telegram - Encriptados.io,Indexable,,2306,"0,61%","5,95"
https://encriptados.io/blogs/noticias/7-cosas-que-nunca-debes-hacer-en-internet/,,21,200,7 cosas que nunca debes hacer en internet - Encriptados.io,Indexable,,1111,"1,89%","5,72"
https://encriptados.io/blogs/noticias/airtag-el-nuevo-producto-de-apple-que-no-solo-servira-para-encontrar-tus-llaves/,,0,200,"AirTag, el nuevo producto de Apple que no solo servirá para encontrar tus llaves - Encriptados.io",Indexable,,18,"0,00%","18,56"
https://encriptados.io/blogs/noticias/blockchain-y-su-importancia-en-la-ciberseguridad/,,0,200,Blockchain y su importancia en la Ciberseguridad - Encriptados.io,Indexable,,86,"0,00%","53,87"
https://encriptados.io/blogs/noticias/chip-internacional-cifrado-encriptados-una-opcion-segura-versatil-y-economica/,,2,200,"Chip Internacional Cifrado Encriptados. Una opción segura, versátil y económica - Encriptados.io",Indexable,,200,"1,00%","4,47"
https://encriptados.io/blogs/noticias/ciberdelito-que-debo-hacer-si-soy-victima-de-uno/,,0,200,Ciberdelito. ¿Qué debo hacer si soy víctima de uno? - Encriptados.io,Indexable,,284,"0,00%","11,84"
https://encriptados.io/blogs/noticias/como-afectara-a-las-empresas-la-nueva-politica-de-whatsapp/,,0,200,¿Cómo afectará a las empresas la nueva política de Whatsapp? - Encriptados.io,Indexable,,7,"0,00%","3,43"
https://encriptados.io/blogs/noticias/como-hacer-que-tus-redes-sociales-sean-privadas/,,0,200,¿Cómo hacer que tus redes sociales sean privadas? - Encriptados.io,Indexable,,181,"0,00%","6,2"
https://encriptados.io/blogs/noticias/como-proteger-tu-celular-y-evitar-ciberataques/,,0,200,Cómo proteger tu celular y evitar ciberataques - Encriptados.io,Indexable,,599,"0,00%","8,53"
https://encriptados.io/blogs/noticias/conoce-onesearch-el-buscador-encriptado-que-protege-tu-informacion/,,2,200,"Conoce OneSearch, el buscador encriptado que protege tu información - Encriptados.io",Indexable,,40,"5,00%","7,58"
https://encriptados.io/blogs/noticias/convierte-tu-movil-en-un-poderoso-celular-encriptado/,,1,200,Convierte tu móvil en un poderoso celular encriptado - Encriptados.io,Indexable,,717,"0,14%","6,81"
https://encriptados.io/blogs/noticias/es-realmente-seguro-confiar-nuestras-comunicaciones-a-telegram/,,1,200,¿Es realmente seguro confiar nuestras comunicaciones a Telegram? - Encriptados.io,Indexable,,228,"0,44%","13,01"
https://encriptados.io/blogs/noticias/habias-escuchado-hablar-de-los-bug-bounty-programs/,,0,200,¿Habías escuchado hablar de los ‘Bug Bounty Programs’? - Encriptados.io,Indexable,,134,"0,00%","22,27"
https://encriptados.io/blogs/noticias/habitos-para-mejorar-la-privacidad-en-tiempos-de-teletrabajo/,,0,200,Hábitos para mejorar la privacidad en tiempos de teletrabajo - Encriptados.io,Indexable,,1,"0,00%",1
https://encriptados.io/blogs/noticias/joker-el-virus-informatico-escondido-en-la-playstore/,,0,200,"Joker, el virus informático escondido en la PlayStore - Encriptados.io",Indexable,,12,"0,00%","7,58"
https://encriptados.io/blogs/noticias/la-ciberseguridad-como-recurso-para-asegurar-la-democracia/,,0,200,La ciberseguridad como recurso para asegurar la democracia - Encriptados.io,Indexable,,1,"0,00%",9
https://encriptados.io/blogs/noticias/la-importancia-de-contar-con-una-vpn/,,0,200,La importancia de contar con una VPN - Encriptados.io,Indexable,,6,"0,00%","20,33"
https://encriptados.io/blogs/noticias/la-importancia-de-la-ciberseguridad-en-la-industria-petrolera/,,1,200,La importancia de la ciberseguridad en la industria petrolera - Encriptados.io,Indexable,,30,"3,33%","18,17"
https://encriptados.io/blogs/noticias/la-importancia-de-la-encriptacion-en-las-organizaciones/,,1,200,La importancia de la encriptación en las organizaciones - Encriptados.io,Indexable,,346,"0,29%","8,85"
https://encriptados.io/blogs/noticias/la-nasa-puso-un-mensaje-oculto-en-el-paracaidas-del-perseverance/,,1,200,La Nasa puso un mensaje oculto en el paracaídas del Perseverance - Encriptados.io,Indexable,,77,"1,30%","4,77"
https://encriptados.io/blogs/noticias/las-tendencias-en-ciberseguridad-para-2021/,,,200,Las tendencias en ciberseguridad para 2021 - Encriptados.io,Indexable,,,,
https://encriptados.io/blogs/noticias/los-10-peores-incidentes-de-ciberseguridad-en-2021/,,0,200,Los 10 peores incidentes de ciberseguridad en 2021 - Encriptados.io,Indexable,,8,"0,00%",6
https://encriptados.io/blogs/noticias/los-datos-sobre-ciberseguridad-que-deja-el-2020-en-latinoamerica/,,0,200,Los datos sobre ciberseguridad que deja el 2020 en Latinoamérica - Encriptados.io,Indexable,,1,"0,00%",6
https://encriptados.io/blogs/noticias/los-delitos-informaticos-mas-comunes-y-como-no-ser-victima-de-ellos/,,0,200,Los delitos informáticos más comunes y cómo no ser víctima de ellos - Encriptados.io,Indexable,,34,"0,00%","18,76"
https://encriptados.io/blogs/noticias/los-peligros-del-wifi-publico/,,0,200,Los Peligros del WiFi Público - Encriptados.io,Indexable,,30,"0,00%","14,33"
https://encriptados.io/blogs/noticias/medicina-y-ciberseguridad-prevenir-es-mejor-que-curar/,,0,200,Medicina y Ciberseguridad. Prevenir es mejor que curar. - Encriptados.io,Indexable,,5,"0,00%","10,4"
https://encriptados.io/blogs/noticias/no-pongas-en-riesgo-los-datos-de-tu-empresa-sigue-estos-5-consejos-para-protegerte/,,0,200,No pongas en riesgo los datos de tu empresa. Sigue estos 5 consejos para protegerte - Encriptados.io,Indexable,,5,"0,00%","28,2"
https://encriptados.io/blogs/noticias/por-que-las-aplicaciones-moviles-recolectan-tus-datos/,,2,200,¿Por qué las aplicaciones móviles recolectan tus datos? - Encriptados.io,Indexable,,356,"0,56%","6,63"
https://encriptados.io/blogs/noticias/por-que-tener-una-sim-encriptada/,,0,200,¿Por qué tener una SIM encriptada? - Encriptados.io,Indexable,,354,"0,00%","4,11"
https://encriptados.io/blogs/noticias/que-es-la-criptografia-y-por-que-es-importante-para-todos/,,0,200,¿Qué es la criptografía y por qué es importante para todos? - Encriptados.io,Indexable,,940,"0,00%","30,74"
https://encriptados.io/blogs/noticias/que-tipos-de-hacker-existen-y-como-operan/,,0,200,¿Qué tipos de hacker existen y cómo operan? - Encriptados.io,Indexable,,62,"0,00%","59,79"
https://encriptados.io/blogs/noticias/redes-sociales-un-arma-de-doble-filo/,,0,200,"Redes sociales, un arma de doble filo - Encriptados.io",Indexable,,163,"0,00%","5,25"
https://encriptados.io/blogs/noticias/sabes-que-es-el-smishing-hackeo-a-traves-de-sms/,,0,200,¿Sabes qué es el smishing? Hackeo a través de SMS - Encriptados.io,Indexable,,45,"0,00%","10,42"
https://encriptados.io/blogs/noticias/sabes-que-es-sim-swapping-o-secuestro-de-sim/,,0,200,¿Sabes qué es SIM-Swapping o secuestro de SIM? - Encriptados.io,Indexable,,88,"0,00%","22,28"
https://encriptados.io/blogs/noticias/sabes-que-son-los-metadatos-y-cuanto-dicen-de-ti/,,0,200,¿Sabes qué son los metadatos y cuánto dicen de ti? - Encriptados.io,Indexable,,5090,"0,00%","9,83"
https://encriptados.io/blogs/noticias/se-avecina-una-ciberpandemia/,,,200,¿Se avecina una Ciberpandemia? - Encriptados.io,Indexable,,,,
https://encriptados.io/blogs/noticias/snake-el-virus-que-aterrorizo-el-2020/,,0,200,"Snake, el virus que aterrorizó el 2020 - Encriptados.io",Indexable,,64,"0,00%","6,17"
https://encriptados.io/blogs/noticias/teletrabajo-y-ciberseguridad-en-tiempos-de-pandemia/,,,200,Teletrabajo y Ciberseguridad en tiempos de pandemia - Encriptados.io,Indexable,,,,
https://encriptados.io/blogs/noticias/tips-de-ciberseguridad-para-empezar-el-2021/,,0,200,Tips de Ciberseguridad para empezar el 2021 - Encriptados.io,Indexable,,1,"0,00%",11
https://encriptados.io/blogs/noticias/tips-para-mejorar-la-ciberseguridad-en-tu-celular/,,0,200,Tips para mejorar la ciberseguridad en tu celular - Encriptados.io,Indexable,,89,"0,00%","7,31"
https://encriptados.io/blogs/noticias/verificacion-de-identidad-kyc/,,0,200,Verificación de Identidad KYC ¿Qué es y cuál es su importancia? - Encriptados.io,Indexable,,332,"0,00%","48,18"
https://encriptados.io/en/blogs/news/10-cyber-attacks-that-marked-history/,,,200,10 cyber attacks that marked history - Encriptados.io,Indexable,,,,
https://encriptados.io/en/blogs/news/10-things-you-should-never-share-on-your-social-networks/,,0,200,10 things you should never share on your social networks - Encriptados.io,Indexable,,218,"0,00%","9,67"
https://encriptados.io/en/blogs/news/5-messaging-apps-safer-than-whatsapp-or-telegram/,,0,200,5 Messaging apps safer than Whatsapp or Telegram - Encriptados.io,Indexable,,19,"0,00%",9
https://encriptados.io/en/blogs/news/7-things-you-should-never-do-on-the-internet/,,0,200,7 things you should never do on the internet - Encriptados.io,Indexable,,684,"0,00%","7,99"
https://encriptados.io/en/blogs/news/airtag-the-new-apple-product-that-will-not-only-serve-to-find-your-keys/,,0,200,"AirTag, the new Apple product that will not only serve to find your keys - Encriptados.io",Indexable,,25,"0,00%","5,04"
https://encriptados.io/en/blogs/news/beware-of-new-cyber-scams-that-use-the-covid-19-vaccine-as-a-decoy/,,,200,Beware of new cyber scams that use the Covid 19 vaccine as a decoy - Encriptados.io,Indexable,,,,
https://encriptados.io/en/blogs/news/blockchain-and-its-importance-in-cybersecurity/,,,200,Blockchain and its importance in Cybersecurity - Encriptados.io,Indexable,,,,
https://encriptados.io/en/blogs/news/companies-that-were-hacked-how-to-prevent-it-from-happening-to-yours/,,,301,,No indexable,Redirigido,,,
https://encriptados.io/en/blogs/news/cybercrime-what-should-i-do-if-i-am-a-victim-of-one/,,0,200,Cybercrime. What should I do if I am a victim of one? - Encriptados.io,Indexable,,44,"0,00%","5,93"
https://encriptados.io/en/blogs/news/cybersecurity-as-a-resource-to-ensure-democracy/,,0,200,Cybersecurity as a resource to ensure democracy - Encriptados.io,Indexable,,1,"0,00%",2
https://encriptados.io/en/blogs/news/cybersecurity-tips-to-start-2021/,,0,200,Cybersecurity tips to start 2021 - Encriptados.io,Indexable,,1,"0,00%",10
https://encriptados.io/en/blogs/news/cybersecurity-trends-for-2021/,,,200,Cybersecurity trends for 2021 - Encriptados.io,Indexable,,,,
https://encriptados.io/en/blogs/news/do-you-know-what-is-sim-swapping-or-sim-hijacking/,,0,200,Do you know what is SIM-Swapping or SIM hijacking? - Encriptados.io,Indexable,,117,"0,00%","15,01"
https://encriptados.io/en/blogs/news/do-you-know-what-metadata-is-and-how-much-it-says-about-you/,,0,200,Do you know what metadata is and how much it says about you? - Encriptados.io,Indexable,,17,"0,00%","4,88"
https://encriptados.io/en/blogs/news/do-you-know-what-smishing-is-hacking-via-sms/,,1,200,Do you know what smishing is? Hacking via SMS - Encriptados.io,Indexable,,24,"4,17%","9,83"
https://encriptados.io/en/blogs/news/dont-put-your-business-data-at-risk-follow-these-5-tips-to-protect-yourself/,,0,200,Don't put your business data at risk. Follow these 5 tips to protect yourself - Encriptados.io,Indexable,,9,"0,00%","8,67"
https://encriptados.io/en/blogs/news/encrypted-cell-phones-in-the-crypto-world/,,0,200,Encrypted cell phones in the crypto world - Encriptados.io,Indexable,,221,"0,00%","24,28"
https://encriptados.io/en/blogs/news/habits-to-improve-privacy-in-times-of-teleworking/,,0,200,Habits to improve privacy in times of teleworking - Encriptados.io,Indexable,,1,"0,00%",11
https://encriptados.io/en/blogs/news/have-you-heard-of-the-bug-bounty-programs/,,0,200,Have you heard of the 'Bug Bounty Programs'? - Encriptados.io,Indexable,,73,"0,00%","38,4"
https://encriptados.io/en/blogs/news/how-to-make-your-social-networks-private/,,0,200,How to make your social networks private? - Encriptados.io,Indexable,,2,"0,00%",4
https://encriptados.io/en/blogs/news/how-to-protect-your-cell-phone-and-avoid-cyber-attacks/,,0,200,How to protect your cell phone and avoid cyber attacks - Encriptados.io,Indexable,,3,"0,00%","13,67"
https://encriptados.io/en/blogs/news/how-will-the-new-whatsapp-policy-affect-companies/,,,200,How will the new WhatsApp policy affect companies? - Encriptados.io,Indexable,,,,
https://encriptados.io/en/blogs/news/international-encrypted-encrypted-chip-a-safe-versatile-and-economical-option/,,,200,"International Encrypted Encrypted Chip. A safe, versatile and economical option - Encriptados.io",Indexable,,,,
https://encriptados.io/en/blogs/news/is-a-cyber-pandemic-coming/,,,200,Is a Cyber ​​Pandemic Coming? - Encriptados.io,Indexable,,,,
https://encriptados.io/en/blogs/news/is-it-really-safe-to-entrust-our-communications-to-telegram/,,0,200,Is it really safe to entrust our communications to Telegram? - Encriptados.io,Indexable,,49,"0,00%","8,94"
https://encriptados.io/en/blogs/news/joker-the-computer-virus-hidden-in-the-playstore/,,0,200,"Joker, the computer virus hidden in the PlayStore - Encriptados.io",Indexable,,25,"0,00%","28,12"
https://encriptados.io/en/blogs/news/know-the-most-common-cyber-scams-against-teenagers/,,0,200,Know the most common cyber scams against teenagers - Encriptados.io,Indexable,,3,"0,00%",3
https://encriptados.io/en/blogs/news/kyc-identity-verification/,,0,200,"KYC Identity Verification, What is it and what's its importance? - Encriptados.io",Indexable,,3,"0,00%","55,67"
https://encriptados.io/en/blogs/news/media-and-journalists-how-to-strengthen-your-cybersecurity/,,,200,Media and journalists How to strengthen your cybersecurity? - Encriptados.io,Indexable,,,,
https://encriptados.io/en/blogs/news/medicine-and-cybersecurity-prevention-is-better-than-cure/,,,200,Medicine and Cybersecurity. Prevention is better than cure. - Encriptados.io,Indexable,,,,
https://encriptados.io/en/blogs/news/nasa-put-a-hidden-message-on-perseverances-parachute/,,,200,NASA put a hidden message on Perseverance's parachute - Encriptados.io,Indexable,,,,
https://encriptados.io/en/blogs/news/snake-the-virus-that-terrorized-2020/,,0,200,"Snake, the virus that terrorized 2021 - Encriptados.io",Indexable,,7,"0,00%","22,14"
https://encriptados.io/en/blogs/news/social-networks-a-double-edged-sword/,,,200,"Social networks, a double-edged sword - Encriptados.io",Indexable,,,,
https://encriptados.io/en/blogs/news/teleworking-and-cybersecurity-in-times-of-pandemic/,,,200,Teleworking and Cybersecurity in times of pandemic - Encriptados.io,Indexable,,,,
https://encriptados.io/en/blogs/news/the-10-worst-cybersecurity-incidents-in-2021/,,0,200,The 10 worst cybersecurity incidents in 2021 - Encriptados.io,Indexable,,1,"0,00%",2
https://encriptados.io/en/blogs/news/the-5-cybersecurity-threats-that-can-affect-your-company/,,0,200,The 5 cybersecurity threats that can affect your company - Encriptados.io,Indexable,,10,"0,00%","63,7"
https://encriptados.io/en/blogs/news/the-dangers-of-public-wifi/,,0,200,The Dangers of Public WiFi - Encriptados.io,Indexable,,24,"0,00%","9,21"
https://encriptados.io/en/blogs/news/the-data-on-cybersecurity-that-leaves-2020-in-latin-america/,,0,200,The data on cybersecurity that leaves 2020 in Latin America - Encriptados.io,Indexable,,3,"0,00%",10
https://encriptados.io/en/blogs/news/the-importance-of-cybersecurity-in-the-oil-industry/,,0,200,The importance of cybersecurity in the oil industry - Encriptados.io,Indexable,,1,"0,00%",8
https://encriptados.io/en/blogs/news/the-importance-of-encryption-in-organizations/,,0,200,The importance of encryption in organizations - Encriptados.io,Indexable,,10,"0,00%","8,8"
https://encriptados.io/en/blogs/news/the-importance-of-having-a-vpn/,,0,200,The importance of having a VPN - Encriptados.io,Indexable,,26,"0,00%","16,31"
https://encriptados.io/en/blogs/news/the-most-common-computer-crimes-and-how-not-to-be-a-victim-of-them/,,0,200,The most common computer crimes and how not to be a victim of them - Encriptados.io,Indexable,,230,"0,00%","60,97"
https://encriptados.io/en/blogs/news/tips-to-improve-cybersecurity-on-your-cell-phone/,,,200,Tips to improve cybersecurity on your cell phone - Encriptados.io,Indexable,,,,
https://encriptados.io/en/blogs/news/turn-your-mobile-into-a-powerful-encrypted-cell-phone/,,5,200,Turn your mobile into a powerful encrypted cell phone - Encriptados.io,Indexable,,351,"1,42%","22,74"
https://encriptados.io/en/blogs/news/what-is-crypto-and-why-is-it-important-to-everyone/,,0,200,What is crypto and why is it important to everyone? - Encriptados.io,Indexable,,23,"0,00%","5,91"
https://encriptados.io/en/blogs/news/what-is-pgp-technology-and-why-should-you-use-it/,,0,200,What is PGP technology and why should you use it? - Encriptados.io,Indexable,,1143,"0,00%","9,91"
https://encriptados.io/en/blogs/news/what-types-of-hackers-exist-and-how-do-they-operate/,,,200,What types of hackers exist and how do they operate? - Encriptados.io,Indexable,,,,
https://encriptados.io/en/blogs/news/why-have-an-encrypted-sim/,,0,200,Why have an encrypted SIM? - Encriptados.io,Indexable,,164,"0,00%","7,74"
https://encriptados.io/en/blogs/news/why-mobile-applications-collect-your-data/,,,200,Why mobile applications collect your data? - Encriptados.io,Indexable,,,,
https://encriptados.io/fr/blogs/nouvelles/10-choses-que-vous-ne-devriez-jamais-partager-sur-vos-reseaux-sociaux/,,2,200,10 choses que vous ne devriez jamais partager sur vos réseaux sociaux - Encriptados.io,Indexable,,135,"1,48%","7,21"
https://encriptados.io/fr/blogs/nouvelles/10-cyberattaques-qui-ont-marque-lhistoire/,,,200,10 cyberattaques qui ont marqué l'histoire - Encriptados.io,Indexable,,,,
https://encriptados.io/fr/blogs/nouvelles/5-applications-de-messagerie-plus-sures-que-whatsapp-ou-telegram/,,0,200,5 applications de messagerie plus sûres que Whatsapp ou Telegram - Encriptados.io,Indexable,,294,"0,00%","17,62"
https://encriptados.io/fr/blogs/nouvelles/7-choses-que-vous-ne-devriez-jamais-faire-sur-internet/,,0,200,7 choses que vous ne devriez jamais faire sur Internet - Encriptados.io,Indexable,,150,"0,00%","12,21"
https://encriptados.io/fr/blogs/nouvelles/airtag-le-nouveau-produit-apple-qui-ne-servira-pas-qua-retrouver-vos-cles/,,0,200,"AirTag, le nouveau produit Apple qui ne servira pas qu'à retrouver vos clés - Encriptados.io",Indexable,,53,"0,00%","9,53"
https://encriptados.io/fr/blogs/nouvelles/avez-vous-deja-entendu-parler-des-programmes-bug-bounty/,,0,200,Avez-vous déjà entendu parler des « Programmes Bug Bounty » ? - Encriptados.io,Indexable,,16,"0,00%","33,44"
https://encriptados.io/fr/blogs/nouvelles/blockchain-et-son-importance-dans-la-cybersecurite/,,0,200,Blockchain et son importance dans la cybersécurité - Encriptados.io,Indexable,,12,"0,00%","57,33"
https://encriptados.io/fr/blogs/nouvelles/comment-proteger-votre-telephone-portable-et-eviter-les-cyberattaques/,,0,200,Comment protéger votre téléphone portable et éviter les cyberattaques - Encriptados.io,Indexable,,8,"0,00%","44,5"
https://encriptados.io/fr/blogs/nouvelles/comment-rendre-vos-reseaux-sociaux-prives/,,0,200,Comment rendre vos réseaux sociaux privés ? - Encriptados.io,Indexable,,28,"0,00%","18,5"
https://encriptados.io/fr/blogs/nouvelles/conseils-de-cybersecurite-pour-commencer-2021/,,,200,Conseils de cybersécurité pour commencer 2021 - Encriptados.io,Indexable,,,,
https://encriptados.io/fr/blogs/nouvelles/conseils-pour-ameliorer-la-cybersecurite-sur-votre-telephone-portable/,,0,200,Conseils pour améliorer la cybersécurité sur votre téléphone portable - Encriptados.io,Indexable,,11,"0,00%",84
https://encriptados.io/fr/blogs/nouvelles/cybercriminalite-que-dois-je-faire-si-jen-suis-victime/,,0,200,Cybercriminalité. Que dois-je faire si j'en suis victime ? - Encriptados.io,Indexable,,21,"0,00%","71,62"
https://encriptados.io/fr/blogs/nouvelles/entreprises-piratees-comment-eviter-que-cela-narrive-a-la-votre/,,,301,,No indexable,Redirigido,,,
https://encriptados.io/fr/blogs/nouvelles/est-il-vraiment-sur-de-confier-nos-communications-a-telegram/,,0,200,Est-il vraiment sûr de confier nos communications à Telegram ? - Encriptados.io,Indexable,,29,"0,00%","24,79"
https://encriptados.io/fr/blogs/nouvelles/habitudes-pour-ameliorer-la-confidentialite-en-periode-de-teletravail/,,,200,Habitudes pour améliorer la confidentialité en période de télétravail - Encriptados.io,Indexable,,,,
https://encriptados.io/fr/blogs/nouvelles/joker-le-virus-informatique-cache-dans-le-playstore/,,0,200,"Joker, le virus informatique caché dans le PlayStore - Encriptados.io",Indexable,,8,"0,00%","8,13"
https://encriptados.io/fr/blogs/nouvelles/la-cybersecurite-comme-ressource-pour-assurer-la-democratie/,,,200,La cybersécurité comme ressource pour assurer la démocratie - Encriptados.io,Indexable,,,,
https://encriptados.io/fr/blogs/nouvelles/la-nasa-a-mis-un-message-cache-sur-le-parachute-de-perseverance/,,0,200,La NASA a mis un message caché sur le parachute de Persévérance - Encriptados.io,Indexable,,18,"0,00%","8,94"
https://encriptados.io/fr/blogs/nouvelles/les-5-menaces-de-cybersecurite-qui-peuvent-affecter-votre-entreprise/,,,200,Les 5 menaces de cybersécurité qui peuvent affecter votre entreprise - Encriptados.io,Indexable,,,,
https://encriptados.io/fr/blogs/nouvelles/les-dangers-du-wi-fi-public/,,0,200,Les dangers du Wi-Fi public - Encriptados.io,Indexable,,16,"0,00%","63,75"
https://encriptados.io/fr/blogs/nouvelles/les-donnees-sur-la-cybersecurite-qui-quittent-2020-en-amerique-latine/,,,301,,No indexable,Redirigido,,,
https://encriptados.io/fr/blogs/nouvelles/les-reseaux-sociaux-une-epee-a-double-tranchant/,,0,200,"Les réseaux sociaux, une épée à double tranchant - Encriptados.io",Indexable,,20,"0,00%",9
https://encriptados.io/fr/blogs/nouvelles/limportance-davoir-un-vpn/,,0,200,L'importance d'avoir un VPN - Encriptados.io,Indexable,,7,"0,00%","1,86"
https://encriptados.io/fr/blogs/nouvelles/limportance-de-la-cybersecurite-dans-lindustrie-petroliere/,,1,200,L'importance de la cybersécurité dans l'industrie pétrolière - Encriptados.io,Indexable,,3,"33,33%",6
https://encriptados.io/fr/blogs/nouvelles/medecine-et-cybersecurite-mieux-vaut-prevenir-que-guerir/,,0,200,Médecine et cybersécurité. Mieux vaut prévenir que guérir. - Encriptados.io,Indexable,,1,"0,00%",8
https://encriptados.io/fr/blogs/nouvelles/medias-et-journalistes-comment-renforcer-votre-cybersecurite/,,0,200,Médias et journalistes Comment renforcer votre cybersécurité ? - Encriptados.io,Indexable,,3,"0,00%",12
https://encriptados.io/fr/blogs/nouvelles/ne-mettez-pas-vos-donnees-dentreprise-en-danger-suivez-ces-5-conseils-pour-vous-proteger/,,,200,Ne mettez pas vos données d'entreprise en danger. Suivez ces 5 conseils pour vous protéger - Encriptados.io,Indexable,,,,
https://encriptados.io/fr/blogs/nouvelles/pourquoi-avoir-une-sim-cryptee/,,2,200,Pourquoi avoir une SIM cryptée ? - Encriptados.io,Indexable,,45,"4,44%","8,4"
https://encriptados.io/fr/blogs/nouvelles/pourquoi-les-applications-mobiles-collectent-vos-donnees/,,2,200,Pourquoi les applications mobiles collectent vos données ? - Encriptados.io,Indexable,,34,"5,88%","11,24"
https://encriptados.io/fr/blogs/nouvelles/puce-cryptee-internationale-cryptee-une-option-sure-polyvalente-et-economique/,,0,200,"Puce cryptée internationale cryptée. Une option sûre, polyvalente et économique - Encriptados.io",Indexable,,35,"0,00%","20,89"
https://encriptados.io/fr/blogs/nouvelles/quels-types-de-hackers-existent-et-comment-fonctionnent-ils/,,0,200,Quels types de hackers existent et comment fonctionnent-ils ? - Encriptados.io,Indexable,,3,"0,00%",10
https://encriptados.io/fr/blogs/nouvelles/quest-ce-que-la-technologie-pgp-et-pourquoi-devriez-vous-lutiliser/,,7,200,Qu'est-ce que la technologie PGP et pourquoi devriez-vous l'utiliser ? - Encriptados.io,Indexable,,2382,"0,29%","6,95"
https://encriptados.io/fr/blogs/nouvelles/savez-vous-ce-que-sont-les-metadonnees-et-ce-quelles-disent-de-vous/,,1,200,Savez-vous ce que sont les métadonnées et ce qu'elles disent de vous ? - Encriptados.io,Indexable,,141,"0,71%","19,17"
https://encriptados.io/fr/blogs/nouvelles/savez-vous-ce-quest-le-sim-swapping-ou-le-sim-hijacking/,,0,200,Savez-vous ce qu'est le SIM-Swapping ou le SIM hijacking ? - Encriptados.io,Indexable,,32,"0,00%","48,5"
https://encriptados.io/fr/blogs/nouvelles/savez-vous-ce-quest-le-smishing-piratage-par-sms/,,1,200,Savez-vous ce qu'est le smishing ? Piratage par SMS - Encriptados.io,Indexable,,74,"1,35%","75,26"
https://encriptados.io/fr/blogs/nouvelles/snake-le-virus-qui-a-terrorise-2020/,,0,200,"Snake, le virus qui a terrorisé 2021 - Encriptados.io",Indexable,,3,"0,00%","7,33"
https://encriptados.io/fr/blogs/nouvelles/telephones-portables-cryptes-dans-le-monde-de-la-cryptographie/,,0,200,Téléphones portables cryptés dans le monde de la cryptographie - Encriptados.io,Indexable,,5,"0,00%","39,4"
https://encriptados.io/fr/blogs/nouvelles/teletravail-et-cybersecurite-en-temps-de-pandemie/,,,200,Télétravail et cybersécurité en temps de pandémie - Encriptados.io,Indexable,,,,
https://encriptados.io/fr/blogs/nouvelles/tendances-de-la-cybersecurite-pour-2021/,,,200,Tendances de la cybersécurité pour 2021 - Encriptados.io,Indexable,,,,
https://encriptados.io/fr/blogs/nouvelles/transformez-votre-mobile-en-un-puissant-telephone-cellulaire-crypte/,,12,200,Transformez votre mobile en un puissant téléphone cellulaire crypté - Encriptados.io,Indexable,,286,"4,20%","9,83"
https://encriptados.io/fr/blogs/nouvelles/une-cyberpandemie-arrive-t-elle/,,,200,Une cyberpandémie arrive-t-elle ? - Encriptados.io,Indexable,,,,
https://encriptados.io/fr/blogs/nouvelles/verification-didentite-kyc/,,1,200,Vérification d'identité KYC Qu'est-ce que c'est et Quelle est son importance? - Encriptados.io,Indexable,,31,"3,23%","74,13"